trend_id,trend,explanation
0,–î–æ–ª–≥–∞—è –¥–æ—Å—Ç–∞–≤–∫–∞,"- –¥–æ–ª–≥–æ –≤–µ–∑—ë—Ç–µ
- –æ—á–µ–Ω—å –¥–æ–ª–≥–æ –≤–µ–∑—ë—Ç–µ
- —Å—é–¥–∞ –æ—Ç–Ω–æ—Å–∏–º –∑–∞–º–µ—á–∞–Ω–∏—è –±–µ–∑ –∫–æ–Ω–∫—Ä–µ—Ç–∏–∫–∏
"
1,–î–æ—Å—Ç–∞–≤–∫–∞ —Å—Ç–∞–ª–∞ –¥–æ–ª–≥–æ–π,"- –∫–ª–∏–µ–Ω—Ç –¥–µ–ª–∞–µ—Ç –∞–∫—Ü–µ–Ω—Ç –Ω–∞ —Ç–æ, —á—Ç–æ —Ä–∞–Ω—å—à–µ –º—ã –¥–æ—Å—Ç–∞–≤–ª—è–ª–∏ –±—ã—Å—Ç—Ä–µ–µ"
2,–í—Ä–µ–º—è –¥–æ—Å—Ç–∞–≤–∫–∏ –Ω–µ —Å–æ–æ—Ç–≤–µ—Ç—Å—Ç–≤—É–µ—Ç –∑–∞—è–≤–ª–µ–Ω–æ–º—É,"- –∫–ª–∏–µ–Ω—Ç –∞–∫—Ü–µ–Ω—Ç–∏—Ä—É–µ—Ç –≤–Ω–∏–º–∞–Ω–∏–µ, —á—Ç–æ SLA –Ω–µ —Å–æ–æ—Ç–≤–µ—Å–≤—É–µ—Ç —Ä–µ–∞–ª—å–Ω–æ–º—É –≤—Ä–µ–º–µ–Ω–∏ –¥–æ—Å—Ç–∞–≤–∫–∏ (–≤—Å–µ–≥–¥–∞ –∏–ª–∏ —á–∞—Å—Ç–æ)"
3,–†–µ–≥—É–ª—è—Ä–Ω—ã–µ –æ–ø–æ–∑–¥–∞–Ω–∏—è,"- –∫–ª–∏–µ–Ω—Ç –∞–∫—Ü–µ–Ω—Ç—Ä–∏–µ—Ç –≤–Ω–∏–º–∞–Ω–∏–µ, —á—Ç–æ –º—ã —á–∞—Å—Ç–æ/–∫–∞–∂–¥—ã–π –∑–∞–∫–∞–∑ –ø—Ä–∏–≤–æ–∑–∏–º –∑–∞–∫–∞–∑ —Å –æ–ø–æ–∑–¥–∞–Ω–∏–µ–º"
4,–ù–µ –æ—Ç—Å–ª–µ–¥–∏—Ç—å —Ä–µ–∞–ª—å–Ω–æ–µ –≤—Ä–µ–º—è –¥–æ—Å—Ç–∞–≤–∫–∏,"- –∫–ª–∏–µ–Ω—Ç –≥–æ–≤–æ—Ä–∏—Ç –æ —Ç–æ–º, —á—Ç–æ –Ω–µ–≤–æ–∑–º–æ–∂–Ω–æ –ø–æ–Ω—è—Ç—å, –∫–æ–≥–¥–∞ –ø—Ä–∏–µ–¥–µ—Ç –∑–∞–∫–∞–∑
- –Ω–µ—Ç —Ä–µ–∞–ª—å–Ω–æ–≥–æ –≤—Ä–µ–º–µ–Ω–∏ –¥–æ—Å—Ç–∞–≤–∫–∏
- –∫–ª–∏–µ–Ω—Ç –∑–∞–¥–∞–µ—Ç –≤–æ–ø—Ä–æ—Å ""–≥–¥–µ –∑–∞–∫–∞–∑""/""–¥–æ–ª–≥–æ –ª–∏ –∂–¥–∞—Ç—å"""
5,–ö—É—Ä—å–µ—Ä –Ω–∞ –∫–∞—Ä—Ç–µ,"- –µ—Å–ª–∏ –∫–ª–∏–µ–Ω—Ç —É–ø–æ–º–∏–Ω–∞–µ—Ç –æ—Ç–æ–±—Ä–∞–∂–µ–Ω–∏–µ –∫—É—Ä—å–µ—Ä–∞ –Ω–∞ –∫–∞—Ä—Ç–µ"
6,–ù–µ—Ç –¥–æ—Å—Ç–∞–≤–∫–∏ –ø–æ –∞–¥—Ä–µ—Å—É,"–∫–ª–∏–µ–Ω—Ç –∂–∞–ª—É—Ç–µ—Å—è, —á—Ç–æ –Ω–µ—Ç –¥–æ—Å—Ç–∞–≤–∫–∏ –ø–æ –∞–¥—Ä–µ—Å—É"
7,–ù–µ –ø—Ä–µ–¥—É–ø—Ä–µ–∂–¥–∞–µ–º –æ–± —É–¥–∞–ª–µ–Ω–∏–∏ —Ç–æ–≤–∞—Ä–∞,"- –Ω–µ –ø—Ä–µ–¥—É–ø—Ä–µ–∂–¥–∞–µ–º –æ–± —É–¥–∞–ª–µ–Ω–∏–∏ —Ç–æ–≤–∞—Ä–∞
- –Ω–µ –ø—Ä–µ–¥–ª–∞–≥–∞–µ–º –∑–∞–º–µ–Ω—É —Ç–æ–≤–∞—Ä–∞"
8,–í—ã—Å–æ–∫–∞—è –º–∏–Ω–∏–º–∞–ª—å–Ω–∞—è —Å—É–º–º–∞ –∑–∞–∫–∞–∑–∞,–∫–ª–∏–µ–Ω—Ç –∂–∞–ª—É–µ—Ç—Å—è –Ω–∞ —Ä–∞–∑–º–µ—Ä –º–∏–Ω–∏–º–∞–ª—å–Ω–æ–π —Å—É–º–º—ã –∑–∞–∫–∞–∑–∞
9,–°—É–º–º–∞ –∑–∞–∫–∞–∑–∞ –º–µ–Ω—è–µ—Ç—Å—è –≤–æ –≤—Ä–µ–º—è –Ω–∞–±–æ—Ä–∞ –∫–æ—Ä–∑–∏–Ω—ã,"- —Å—É–º–º–∞ –∑–∞–∫–∞–∑–∞ –º–µ–Ω—è–µ—Ç—Å—è –≤–æ –≤—Ä–µ–º—è –Ω–∞–±–æ—Ä–∞ –∫–æ—Ä–∑–∏–Ω—ã 
- –ø—Ä–∏—Ö–æ–¥–∏—Ç—Å—è –Ω–µ—Å–∫–æ–ª—å–∫–æ —Ä–∞–∑ –¥–æ–∫–ª–∞–¥—ã–≤–∞—Ç—å —Ç–æ–≤–∞—Ä—ã –¥–æ –º–∏–Ω —Å—É–º–º—ã"
10,–ú–∏–Ω–∏–º–∞–ª—å–Ω–∞—è —Å—É–º–º–∞ –∑–∞–∫–∞–∑–∞,"- –∫–ª–∏–µ–Ω—Ç –∂–∞–ª—É–µ—Ç—Å—è –Ω–∞ –Ω–∞–ª–∏—á–∏–µ –º–∏–Ω–∏–º–∞–ª—å–Ω–æ–π —Å—É–º–º—ã –≤ –ø—Ä–∏–Ω—Ü–∏–ø–µ"
11,–¢–æ–≤–∞—Ä—ã —Å –ø–æ–¥—Ö–æ–¥—è—â–∏–º —Å—Ä–æ–∫–æ–º –≥–æ–¥–Ω–æ—Å—Ç–∏,"- –∫–ª–∏–µ–Ω—Ç –∂–∞–ª—É–µ—Ç—Å—è, —á—Ç–æ –º—ã –ø—Ä–∏–≤–æ–∑–∏–º —Ç–æ–≤–∞—Ä—ã —Å –ø—Ä–∞–∫—Ç–∏—á–µ—Å–∫–∏ –∏—Å—Ç–µ–∫—à–∏–º —Å—Ä–æ–∫–æ–º –≥–æ–¥–Ω–æ—Å—Ç–∏"
12,–í—ã—Å–æ–∫–∏–µ —Ü–µ–Ω—ã,"- –∫–ª–∏–µ–Ω—Ç –∂–∞–ª—É–µ—Ç—Å—è –Ω–∞ –≤—ã—Å–æ–∫–∏–µ —Ü–µ–Ω—ã"
13,–ù–µ –¥–æ–≤–µ–∑–ª–∏ —Ç–æ–≤–∞—Ä,"- –∫–ª–∏–µ–Ω—Ç –≥–æ–≤–æ—Ä–∏—Ç –æ —Ç–æ–º, —á—Ç–æ –Ω–µ–¥–æ–≤–µ–∑–ª–∏ —Ç–æ–≤–∞—Ä, –±–µ–∑ —É–ø–æ–º–∏–Ω–∞–Ω–∏—è –ø–æ –∫–∞–∫–æ–π –ø—Ä–∏—á–∏–Ω–µ"
14,–¢–æ–≤–∞—Ä –∏—Å–ø–æ—Ä—á–µ–Ω –≤–æ –≤—Ä–µ–º—è –¥–æ—Å—Ç–∞–≤–∫–∏,"–ª—é–±—ã–µ –ø–æ–≤–µ—Ä–µ–∂–¥–µ–Ω–∏—è —Ç–æ–≤–∞—Ä–∞ –≤–æ –≤—Ä–µ–º—è –¥–æ—Å—Ç–∞–≤–∫–∏"
15,–ü—Ä–æ—Å—Ä–æ—á–µ–Ω–Ω—ã–µ —Ç–æ–≤–∞—Ä—ã,–ø—Ä–∏–≤–µ–∑–ª–∏ —Ç–æ–≤–∞—Ä —Å –∏—Å—Ç–µ–∫—à–∏–º —Å—Ä–æ–∫–æ–º –≥–æ–¥–Ω–æ—Å—Ç–∏
16,–ó–∞–º–µ—á–∞–Ω–∏—è –ø–æ —Ä–∞–±–æ—Ç–µ –∫—É—Ä—å–µ—Ä–æ–≤,"- —Ö–∞–º—è—Ç
- –Ω–µ —á–∏—Ç–∞—é—Ç –∫–æ–º–º–µ–Ω—Ç–∞—Ä–∏–∏
- –Ω–µ –ø–æ–Ω–∏–º–∞—é—Ç —Ä—É—Å—Å–∫–∏–π —è–∑—ã–∫
- –Ω–µ –¥–æ–Ω–æ—Å—è—Ç –∑–∞–∫–∞–∑ –¥–æ –¥–≤–µ—Ä–∏
–∏ —Ç.–¥."
17,–ù–µ —á–∏—Ç–∞–µ–º –∫–æ–º–º–µ–Ω—Ç–∞—Ä–∏–∏,"- –∫–ª–∏–µ–Ω—Ç –∂–∞–ª—É–µ—Ç—Å—è –Ω–∞ —Ç–æ, —á—Ç–æ –º—ã –Ω–µ –≤—ã–ø–æ–ª–Ω–∏–ª–∏ –∫–æ–º–º–µ–Ω—Ç–∞—Ä–∏–π (–±–µ–∑ —É–ø–æ–º–∏–Ω–∞–Ω–∏—è –∫—É—Ä—å–µ—Ä–∞)"
18,–°–ø–∞—Å–∏–±–æ,"–∫–ª–∏–µ–Ω—Ç –±–ª–∞–≥–æ–¥–∞—Ä–∏—Ç —Å–µ—Ä–≤–∏—Å, –≤ –ª—é–±–æ–º —Ñ–æ—Ä–º–∞—Ç–µ
- –º–æ–ª–æ–¥—Ü—ã —Ç–∞–∫ –¥–µ—Ä–∂–∞—Ç—å
- –≤—Å–µ –∫—Ä—É—Ç–æ
- üëçüèª"
19,–ù–µ—Ç —Å–º—ã—Å–ª–∞,"- –æ–±—Ä–∞—â–µ–Ω–∏—è —Å–º—ã—Å–ª, –∫–æ—Ç–æ—Ä—ã—Ö –Ω–µ —è—Å–µ–Ω –∏–ª–∏ –µ–≥–æ –Ω–µ—Ç"
20,–í—Å—ë –Ω–æ—Ä–º–∞–ª—å–Ω–æ,"–∫–ª–∏–µ–Ω—Ç –Ω–µ–π—Ç—Ä–∞–ª—å–Ω–æ –æ—Ü–µ–Ω–∏–≤–∞—Ç—å —Å–µ—Ä–≤–∏—Å
- –≤—Å–µ –Ω–æ—Ä–º
- –Ω–æ—Ä–º–∞–ª—å–Ω–æ
- —É—Å—Ç—Ä–∞–∏–≤–∞–µ—Ç"
21,–í—Å—ë –ø–ª–æ—Ö–æ,–Ω–µ–≥–∞—Ç–∏–≤–Ω—ã–µ –∫–æ–º–º–µ–Ω—Ç–∞—Ä–∏–∏ –±–µ–∑ –∫–æ–Ω–∫—Ä–µ—Ç–∏–∫–∏
22,–°–∫–∏–¥–∫–∏ –¥–ª—è –ø–æ—Å—Ç–æ—è–Ω–Ω—ã—Ö –∫–ª–∏–µ–Ω—Ç–æ–≤,"–∫–ª–∏–µ–Ω—Ç—ã –≥–æ–≤–æ—Ä—è—Ç –æ —Ç–æ–º, —á—Ç–æ —É –Ω–∞—Å –Ω–µ—Ç:
- —Å–∫–∏–¥–æ–∫ –¥–ª—è –ø–æ—Å—Ç–æ—è–Ω–Ω—ã—Ö –∫–ª–∏–µ–Ω—Ç–æ–≤
- —Å–∫–∏–¥–æ–∫ –Ω–∞ —Å–ª–µ–¥—É—é—â–∏–π –∑–∞–∫–∞–∑
- –ø—Ä–æ–≥—Ä–∞–º–º—ã –ª–æ—è–ª—å–Ω–æ—Å—Ç–∏"
23,–ë–æ–ª—å—à–µ –∞–∫—Ü–∏–π/—Å–∫–∏–¥–æ–∫,"–∫–ª–∏–µ–Ω—Ç –≥–æ–≤–æ—Ä–∏—Ç, —á—Ç–æ –Ω—É–∂–Ω–æ –±–æ–ª—å—à–µ –∞–∫—Ü–∏–π/—Å–∫–∏–¥–æ–∫/–ø—Ä–æ–º–æ–∫–æ–¥–æ–≤"
24,–°–∫–∏–¥–∫–∞/–ø—Ä–æ–º–æ–∫–æ–¥ —Ä–∞—Å–ø—Ä–æ—Å—Ç—Ä–∞–Ω—è–µ—Ç—Å—è –Ω–µ –Ω–∞ –≤—Å–µ —Ç–æ–≤–∞—Ä—ã,"- –ø–æ —Å—É—Ç–∏ —ç—Ç–æ –∂–∞–ª–æ–±–∞ –Ω–∞ –Ω–µ —Å—É–º–º–∏—Ä–æ–≤–∞–Ω–∏–µ
- –∫–ª–∏–µ–Ω—Ç –∂–∞–ª—É–µ—Ç—Å—è, —á—Ç–æ –Ω–∞ —Ç–æ–≤–∞—Ä—ã —Å–æ —Å–∫–∏–¥–∫–æ–π —Å –≤–∏—Ç—Ä–∏–Ω–µ, –Ω–µ –ø—Ä–∏–º–µ–Ω—è–µ—Ç—Å—è –∫–æ—Ä–∑–∏–Ω–Ω–∞—è —Å–∫–∏–¥–∫–∞
- —á—Ç–æ –∫–æ—Ä–∑–∏–Ω–Ω–∞—è —Å–∫–∏–¥–∫–∞ –ø—Ä–∏–º–µ–Ω—è–µ—Ç—Å—è —Ç–æ–ª—å–∫–æ –∫ –∫–∞–∫–æ–π-—Ç–æ –∫–∞—Ç–µ–≥–æ—Ä–∏–∏ —Ç–æ–≤–∞—Ä–æ–≤"
25,–ù–µ–ø–æ–Ω—è—Ç–Ω–æ –∫–∞–∫ —Ä–∞–±–æ—Ç–∞–µ—Ç —Å–∫–∏–¥–∫–∞,"- –Ω–µ –ø–æ–Ω—è—Ç–Ω–æ –∫–∞–∫–∞—è —Å–∫–∏–¥–∫–∞ –ø—Ä–∏–º–µ–Ω–∏–ª–∞—Å—å –≤ –∫–æ—Ä–∑–∏–Ω–µ"
26,–ù–µ —Å—Ä–∞–±–æ—Ç–∞–ª–∞ —Å–∫–∏–¥–∫–∞/–∞–∫—Ü–∏—è/–ø—Ä–æ–º–æ–∫–æ–¥,"- –∫–ª–∏–µ–Ω—Ç –∂–∞–ª—É–µ—Ç—Å—è –Ω–∞ —Ç–æ, —á—Ç–æ –Ω–µ —Ä–∞–±–æ—Ç–∞–µ—Ç —Å–∫–∏–¥–∫–∞"
27,–ö–∞—á–µ—Å—Ç–≤–æ —Ç–æ–≤–∞—Ä–æ–≤,"–∫–ª–∏–µ–Ω—Ç –∂–∞–ª—É–µ—Ç—Å—è –Ω–∞ –∫–∞—á–µ—Å—Ç–æ–≤–∞ —Ç–æ–≤–∞—Ä–æ–≤"
28,–ú–∞–ª–µ–Ω—å–∫–∏–π –∞—Å—Å–æ—Ä—Ç–∏–º–µ–Ω—Ç,"- –∂–∞–ª–æ–±—ã –Ω–∞ –º–∞–ª–µ–Ω—å–∫–∏–π –∞—Å—Å–æ—Ä—Ç–∏–º–µ–Ω—Ç"
29,–ù–µ—Ç –≤ –Ω–∞–ª–∏—á–∏–∏ —Ç–æ–≤–∞—Ä–∞,"- –∂–∞–ª–æ–±—ã –Ω–∞ —Ç–æ, —á—Ç–æ –≤ –Ω–∞–ª–∏—á–∏–∏ –Ω–µ—Ç —Ç–æ–≤–∞—Ä–æ–≤, –∫–æ—Ç–æ—Ä—ã–µ –µ—Å—Ç—å —É –Ω–∞—Å –≤ –∞—Å—Å–æ—Ä—Ç–∏–º–µ–Ω—Ç–µ"
30,–ö–∞—á–µ—Å—Ç–≤–æ –ø–æ–¥–¥–µ—Ä–∂–∫–∏,"–ª—é–±—ã–µ –∑–∞–º–µ—á–∞–Ω–∏—è –ø–æ —Ä–∞–±–æ—Ç–µ –ø–æ–¥–¥–µ—Ä–∂–∫–∏"
31,–ó–∞–º–µ—á–∞–Ω–∏—è –ø–æ —Ä–∞–±–æ—Ç–µ —Å–±–æ—Ä—â–∏–∫–∞,"- –∫–ª–∞–¥—ë–º –Ω–µ—Å–æ–≤–º–µ—Å—Ç–∏–º—ã–µ –ø—Ä–æ–¥—É–∫—Ç—ã –≤ –æ–¥–∏–Ω –ø–∞–∫–µ—Ç (—Ö–∏–º–∏—é –≤ –ø—Ä–æ–¥—É–∫—Ç–∞–º–∏, –∫–æ—Ä–º –¥–ª—è –∂–∏–≤–æ—Ç–Ω—ã—Ö —Å –ø—Ä–æ–¥—É–∫—Ç–∞–º–∏ –∏ —Ç.–ø.)
- –Ω–µ –∏—Å–ø–æ–ª—å–∑—É–µ–º —Ç–µ—Ä–º–æ–ø–∞–∫–µ—Ç—ã –¥–ª—è –∑–∞–º–æ—Ä–æ–∂–µ–Ω–Ω—ã—Ö –ø—Ä–æ–¥—É–∫—Ç–æ–≤
- –∫–ª–∞–¥—ë–º –Ω–µ —Ç–æ (–ø—É—Ç–∞–µ–º —Ç–æ–≤–∞—Ä—ã)"
32,–û—Ç–º–µ–Ω–∏–ª–∏ –∑–∞–∫–∞–∑,"- –∫–ª–∏–µ–Ω—Ç –∂–∞–ª—É–µ—Ç—Å—è –Ω–∞ —Ç–æ, —á—Ç–æ –µ–≥–æ –∑–∞–∫–∞–∑ –æ—Ç–º–µ–Ω–∏–ª–∏"
33,–ó–Ω–∞–Ω–∏–µ —Ä—É—Å—Å–∫–æ–≥–æ —è–∑—ã–∫–∞,- –∫—É—Ä—å–µ—Ä—ã –Ω–µ –ø–æ–Ω–∏–º–∞—é—Ç/–Ω–µ —á–∏—Ç–∞—é—Ç/–Ω–µ –≥–æ–≤–æ—Ä—è—Ç –ø–æ-—Ä—É—Å—Å–∫–∏
34,–ü—Ä–∏–≤–µ–∑–ª–∏ —á—É–∂–æ–π –∑–∞–∫–∞–∑,- –ø–µ—Ä–µ–ø—É—Ç–∞–ª–∏ –∑–∞–∫–∞–∑
35,–î–æ–ª–≥–æ –Ω–∞ —Å–±–æ—Ä–∫–µ,"- –¥–æ–ª–≥–æ —Å–æ–±–∏—Ä–∞–µ–º –∑–∞–∫–∞–∑"
36,–°—Ä–∞–≤–Ω–∏–≤–∞—é—Ç —Å –∫–æ–Ω–∫—É—Ä–µ–Ω—Ç–∞–º–∏,"- —Å—Ä–∞–≤–Ω–µ–Ω–∏–µ —Å –¥—Ä—É–≥–∏–º–∏ —Å–µ—Ä–≤–∏—Å–∞–º–∏ –¥–æ—Å—Ç–∞–≤–∫–∏ –ø—Ä–æ–¥—É–∫—Ç–æ–≤"
37,–°–∫–∏–¥–∫–∏ –∑–∞ –æ–ø–æ–∑–¥–∞–Ω–∏–µ,"- –ø—Ä–æ—Å—è—Ç —Å–∫–∏–¥–∫–∏/–∫–æ–º–ø–µ–Ω—Å–∞—Ü–∏—é"
38,–ö—É—Ä—å–µ—Ä—ã –æ—Ç–º–µ–Ω—è—é—Ç –∑–∞–∫–∞–∑,"- –∫–ª–∏–µ–Ω—Ç—ã –∂–∞–ª—É—é—Ç—Å—è, —á—Ç–æ –∫—É—Ä—å–µ—Ä –æ—Ç–º–µ–Ω–∏–ª –∑–∞–∫–∞–∑"
39,–ù–µ —Ç—è–Ω–µ—Ç –Ω–∞ —Ç–µ–Ω–¥–µ–Ω—Ü–∏—é,"–°—Ç–∞–≤–∏–º —Ç–∞–º, –≥–¥–µ –Ω–µ –ø–æ–¥—Ö–æ–¥–∏—Ç –Ω–∏ –ø–æ–¥ –æ–¥–Ω—É —Ç–µ–Ω–¥–µ–Ω—Ü–∏—é."
40,–ò—Å–ø–æ—Ä—á–µ–Ω–Ω—ã–µ —Ç–æ–≤–∞—Ä—ã,"- –ø—Ä–∏–≤–æ–∑–∏–º –ø—Ä–æ–¥—É–∫—Ç—ã –≤ —Å—Ä–æ–∫–µ –≥–æ–¥–Ω–æ—Å—Ç–∏, –Ω–æ –æ–Ω–∏ –∏—Å–ø–æ—Ä—á–µ–Ω—ã"
41,–ù–µ –Ω—Ä–∞–≤–∏—Ç—Å—è –∏–Ω—Ç–µ—Ä—Ñ–µ–π—Å –ø—Ä–∏–ª–æ–∂–µ–Ω–∏—è,- –ø—Ä–æ—Å—Ç–æ –Ω–µ –Ω—Ä–∞–≤–∏—Ç—Å—è –ø—Ä–∏–ª–æ–∂–µ–Ω–∏–µ
42,–ü—Ä–∏–ª–æ–∂–µ–Ω–∏–µ –∑–∞–≤–∏—Å–∞–µ—Ç,"- –ø—Ä–∏–ª–æ–∂–µ–Ω–∏–µ —Ä–∞–±–æ—Ç–∞–µ—Ç –Ω–µ —Å—Ç–∞–±–∏–ª—å–Ω–æ, –∑–∞–≤–∏—Å–∞–µ—Ç"
43,–ë—ã—Å—Ç—Ä–∞—è –¥–æ—Å—Ç–∞–≤–∫–∞,- –±—ã—Å—Ç—Ä–æ –¥–æ—Å—Ç–∞–≤–ª—è–µ–º
44,–£—Å–ª–æ–≤–∏—è —Ä–∞–±–æ—Ç—ã –∫—É—Ä—å–µ—Ä–æ–≤,"- –ø–æ–≤—ã—Å–∏—Ç—å —Å—Ç–∞–≤–∫—É –∫—É—Ä—å–µ—Ä–∞–º
- –æ–¥–µ—Ç—å –ø–æ—Ç–µ–ø–ª–µ–µ –∏ —Ç.–ø."
45,–°–±–µ—Ä–°–ø–∞—Å–∏–±–æ,"- —Å–ª–æ–∂–Ω–æ—Å—Ç–∏ –ø—Ä–∏ –ø–æ–¥–∫–ª—é—á–µ–Ω–∏–∏
- –ª—é–±—ã–µ –∫–æ–º–º–µ–Ω—Ç—ã –ø–æ –°–±–µ—Ä–°–ø–∞—Å–∏–±–æ"
46,–í—Ä–µ–º—è —Ä–∞–±–æ—Ç—ã,"- —Ä–∞–Ω–æ –∑–∞–∫—Ä—ã–≤–∞–µ–º—Å—è
- –∫—Ä—É–≥–ª–æ—Å—É—Ç–æ—á–Ω–∞—è –¥–æ—Å—Ç–∞–≤–∫–∞
- —Å–¥–µ–ª–∞–π—Ç–µ –¥–æ—Å—Ç–∞–≤–∫—É —Å –• —á–∞—Å–æ–≤"
47,–ù–µ—É–¥–æ–±–Ω—ã–π –ø–æ–∏—Å–∫,"- –Ω–µ—É–¥–æ–±–Ω—ã–π –ø–æ–∏—Å–∫
- –Ω–µ –Ω—Ä–∞–≤–∏—Ç—Å—è –Ω–∞–≤–∏–≥–∞—Ü–∏—è –ø–æ –∫–∞—Ç–∞–ª–æ–≥—É
- –Ω–µ –Ω—Ä–∞–≤–∏—Ç—Å—è —Å—Ç—Ä—É–∫—Ç—É—Ä–∞ –∫–∞—Ç–∞–ª–æ–≥–∞ (—Å—Ç–æ—Ä–∏—Å—ã –≤ –∫–∞—Ç–∞–ª–æ–≥–µ, –∞–∫—Ü–∏–∏ —Å—Ä–µ–¥–∏ —Ç–æ–≤–∞—Ä–æ–≤ –∏ —Ç.–ø.)"
48,–ü–ª–∞—Ç–µ–∂–∏,"- –∂–∞–ª–æ–±—ã –Ω–∞ –ø—Ä–æ–≤–µ–¥–µ–Ω–∏–µ –ø–ª–∞—Ç–µ–∂–µ–π
- –æ–ø–ª–∞—Ç–∞ –∫—É—Ä—å–µ—Ä—É –Ω–∞–ª–∏—á–Ω—ã–º–∏ –∏–ª–∏ –∫–∞—Ä—Ç–æ–π
- –ø—Ä–æ–±–ª–µ–º—ã —Å –æ–ø–ª–∞—Ç–æ–π
- –°–ë–ü
- –æ—Ç–æ–±—Ä–∞–∂–µ–Ω–∏–µ –∫–∞—Ä—Ç—ã
- –ª—é–±—ã–µ –∫–æ–º–º–µ–Ω—Ç—ã –ø–æ –∫–∞—Ä—Ç–∞–º
- –Ω–µ –ø—Ä–æ—Ö–æ–¥—è—Ç –ø–ª–∞—Ç–µ–∂–∏
- —á–µ–∫–∏, –∫–≤–∏—Ç–∞–Ω—Ü–∏–∏"
49,–í–æ–∑–≤—Ä–∞—Ç –¥–µ–Ω–µ–≥,"- –∂–∞–ª—É—é—Ç—Å—è –Ω–∞ –¥–æ–ª–≥–∏–µ –≤–æ–∑–≤—Ä–∞—Ç—ã
- –∂–∞–ª—É—é—Ç—Å—è, —á—Ç–æ –Ω–µ –≤–µ—Ä–Ω—É–ª–∏ –¥–µ–Ω—å–≥–∏"
